phone,2668
great,576
good,482
screen,410
one,390
blu,346
battery,332
like,331
samsung,309
would,286
use,275
love,271
get,263
camera,241
works,240
new,239
time,237
phones,233
card,229
back,227
work,220
buy,202
even,198
price,198
sim,197
months,192
bought,191
got,183
really,183
still,172
product,164
far,163
nice,162
apps,162
also,161
fast,158
well,158
better,157
working,155
iphone,154
problem,149
came,146
case,143
everything,142
first,142
quality,135
much,133
charge,132
galaxy,127
using,126
excellent,121
used,120
xl,116
could,114
amazon,112
perfect,112
issues,111
happy,110
money,110
problems,110
charger,108
service,107
sd,107
last,107
days,105
device,104
two,102
android,102
update,99
best,98
without,97
life,95
vivo,94
day,93
since,91
received,90
never,89
purchase,89
looks,89
know,89
another,88
unlocked,88
return,88
gb,88
go,88
worked,87
want,86
thing,86
recommend,85
bad,85
memory,84
comes,84
app,83
charging,82
box,81
little,80
version,80
fine,80
us,79
lot,78
started,78
getting,78
amazing,77
say,77
need,77
issue,76
g,75
ever,74
awesome,73
took,71
make,71
brand,71
long,70
warranty,70
pretty,68
month,67
features,66
however,66
glass,66
year,66
pay,66
call,65
easy,65
see,65
customer,65
times,64
old,64
way,64
take,64
less,64
right,63
overall,63
turn,62
going,62
storage,62
tried,62
seller,62
international,62
apple,62
condition,61
purchased,61
expected,60
water,60
hours,60
nothing,60
perfectly,60
software,60
worth,59
every,59
went,59
think,59
review,59
definitely,59
calls,59
stopped,58
protector,58
look,58
made,58
keep,57
support,56
enough,56
come,55
sound,55
big,55
though,54
people,54
sure,54
put,54
mobile,54
send,54
smartphone,54
front,54
many,53
gold,53
pictures,53
able,53
years,51
always,51
store,51
reviews,51
completely,51
yet,50
different,50
edge,50
speaker,50
replacement,50
give,49
home,49
display,49
touch,48
buying,48
find,48
google,48
second,47
refurbished,47
things,47
deal,47
size,47
seems,47
ok,47
cell,47
weeks,46
said,46
can,46
data,46
not,46
actually,46
set,46
power,46
micro,45
bit,45
absolutely,45
told,44
upgrade,44
week,44
disappointed,44
hard,44
something,44
already,43
takes,43
couple,43
fix,42
reset,42
slow,42
help,42
button,42
light,42
loved,42
almost,42
ram,41
quickly,41
change,41
looking,41
note,41
low,41
found,41
anything,41
bluetooth,41
color,40
original,40
reason,40
feel,40
let,40
carrier,40
hear,39
dropped,39
ago,39
several,38
speed,38
waste,38
thought,38
replace,37
item,37
thank,37
sent,37
free,36
previous,36
model,36
either,36
start,36
wifi,36
beautiful,36
user,36
makes,36
minutes,36
hold,35
needed,35
away,35
yes,35
today,35
may,35
slot,35
full,35
please,35
called,35
high,35
fact,35
daughter,34
performance,34
least,34
point,34
mine,33
hand,33
picture,33
extra,33
repair,33
space,33
cheap,33
clear,33
arrived,33
pleased,33
wanted,32
top,32
three,32
faster,32
quick,32
might,32
expensive,32
else,32
damage,32
usb,32
mp,31
end,31
satisfied,31
decent,31
gets,31
wish,31
plus,30
later,30
black,30
small,30
described,30
due,30
read,30
properly,30
video,30
products,30
must,29
feature,29
gift,29
wireless,29
charged,29
around,29
company,29
soon,29
try,29
highly,29
system,29
side,28
dead,28
open,28
cards,28
connect,28
experience,28
easily,28
dont,28
sometimes,28
complaints,28
ordered,28
package,28
verizon,28
volume,28
order,27
gave,27
longer,27
worst,27
terrible,27
line,27
owned,27
tell,26
returned,26
thanks,26
scratches,26
quite,26
someone,26
real,26
processor,26
trying,26
feels,26
run,26
stars,26
loves,26
text,26
returning,25
wrong,25
keeps,25
contacted,25
adapter,25
im,25
super,25
says,25
port,25
hot,25
factory,25
care,25
turned,25
photos,25
except,25
large,25
fully,25
expect,25
believe,25
internal,25
often,25
hope,25
fixed,25
although,25
shipping,25
type,24
launcher,24
contact,24
left,24
finally,24
cost,24
wife,24
nano,24
needs,24
okay,24
coming,24
extremely,24
cover,24
lte,24
looked,24
running,24
advertised,24
included,24
resolution,24
updates,23
decided,23
waterproof,23
plug,23
maybe,23
star,23
paid,23
settings,23
etc,23
broken,23
poor,23
installed,23
done,23
part,23
replaced,23
tray,23
exactly,23
hardware,23
fantastic,22
difference,22
seem,22
voice,22
bottom,22
music,22
wait,22
live,22
refund,22
design,22
guess,22
option,22
plan,22
within,22
stop,22
lg,22
stuff,22
taking,22
updated,21
damaged,21
constantly,21
car,21
freezes,21
information,21
outside,21
u,21
lack,21
broke,21
hour,21
huge,21
goes,21
close,21
probably,21
solid,21
next,21
defective,21
means,21
otherwise,21
sleek,20
straight,20
jack,20
fit,20
network,20
blue,20
lots,20
annoying,20
cool,20
bloatware,20
totally,20
response,20
number,20
f,20
spent,20
lasts,20
impressed,20
instead,20
honestly,20
reboot,20
locked,19
matter,19
recommended,19
pocket,19
son,19
gorilla,19
drop,19
opened,19
headphones,19
anyone,19
especially,19
show,19
considering,19
slippery,19
excelent,19
os,19
glad,19
miss,19
available,19
chip,19
job,19
hands,19
usage,19
mail,18
half,18
unfortunately,18
seconds,18
worse,18
delivery,18
whole,18
yesterday,18
mode,18
anyway,18
buttons,18
hd,18
smooth,18
mind,17
runs,17
unable,17
cracked,17
accessories,17
died,17
fake,17
flagship,17
switch,17
non,17
unlock,17
place,17
bright,17
freezing,17
charges,17
randomly,17
missing,17
understand,17
download,17
process,17
unless,17
cellphone,17
calling,17
horrible,17
compatible,17
headphone,17
specs,16
lag,16
expectations,16
break,16
standard,16
kept,16
colors,16
night,16
focus,16
making,16
talk,16
happened,16
th,16
options,16
rather,16
american,16
wonderful,16
connection,16
liked,16
build,16
lost,16
ui,16
waiting,16
ended,16
email,16
smart,16
functions,16
brought,15
messages,15
uses,15
ask,15
games,15
near,15
crazy,15
carriers,15
sending,15
online,15
normal,15
past,15
bigger,15
built,15
cheaper,15
c,15
anymore,15
spend,15
signal,15
giving,15
usa,15
cause,15
shut,15
purchasing,15
value,15
dual,15
immediately,15
stay,15
cricket,15
piece,15
negative,14
country,14
responsive,14
cameras,14
rd,14
given,14
loud,14
com,14
multiple,14
fell,14
activated,14
turns,14
market,14
internet,14
plastic,14
message,14
switching,14
husband,14
reading,14
facing,14
manufacturer,14
marshmallow,14
image,14
basically,14
short,14
trouble,14
heavy,14
htc,14
supposed,14
crack,14
gsm,14
complaint,14
scratch,14
receive,14
removable,14
drops,14
guys,14
beat,14
difficult,14
add,14
literally,14
previously,14
chance,14
personal,13
seen,13
person,13
tech,13
twice,13
finger,13
hopefully,13
resistant,13
fault,13
asked,13
n,13
cant,13
stuck,13
test,13
name,13
receiving,13
devices,13
careful,13
glitches,13
business,13
videos,13
shattered,13
cable,13
amount,13
major,13
useless,13
restart,13
remove,13
common,13
sold,13
contacts,13
similar,13
single,13
seemed,13
others,13
drawer,13
ones,13
audio,13
ads,13
function,13
compared,13
studio,12
excelente,12
third,12
fall,12
keyboard,12
series,12
metal,12
wi,12
website,12
security,12
offer,12
reception,12
switched,12
sucks,12
usually,12
loving,12
cases,12
write,12
date,12
course,12
main,12
friend,12
cracks,12
spyware,12
notice,12
learning,12
packaging,12
stand,12
sealed,12
important,12
allows,12
screens,12
known,12
fi,12
acting,12
gps,12
added,12
x,12
load,12
hoping,12
obviously,12
sims,12
nougat,12
stick,12
control,12
lock,12
durable,12
apparently,12
connected,12
computer,12
slightly,12
five,12
become,12
happen,12
junk,12
ghost,12
shutter,11
description,11
mean,11
certified,11
saying,11
shots,11
fairly,11
photo,11
setting,11
felt,11
figure,11
seal,11
rear,11
coverage,11
sony,11
earbuds,11
pics,11
taken,11
instructions,11
die,11
selling,11
behind,11
kind,11
access,11
whatever,11
likes,11
older,11
march,11
youtube,11
entire,11
proof,11
six,11
including,11
frequently,11
wet,11
smoothly,11
doesnt,11
additional,11
whether,11
friends,11
hate,10
exynos,10
install,10
answer,10
silver,10
shipped,10
watch,10
brazil,10
restarting,10
cons,10
showing,10
save,10
bands,10
versions,10
physical,10
holding,10
delivered,10
models,10
comments,10
choice,10
brother,10
prefer,10
nexus,10
mah,10
zmax,10
wont,10
seriously,10
gives,10
speakers,10
sensor,10
calendar,10
worried,10
drain,10
impressive,10
default,10
gone,10
family,10
protective,10
expecting,10
play,10
wow,10
currently,10
barely,10
reliable,10
budget,10
paying,10
lower,10
users,10
flat,10
mention,10
fingerprint,10
bring,10
opening,10
unlike,10
began,10
inch,10
boot,10
page,10
pin,10
lasted,10
crap,9
aware,9
room,9
faulty,9
mess,9
speeds,9
radio,9
respond,9
upgraded,9
ir,9
prior,9
mother,9
mic,9
specific,9
hassle,9
notification,9
asking,9
cord,9
dollars,9
automatically,9
gig,9
head,9
true,9
dies,9
together,9
p,9
regret,9
touching,9
shows,9
freeze,9
useful,9
wants,9
worry,9
thinking,9
moving,9
complete,9
includes,9
starting,9
resistance,9
zero,9
suddenly,9
texting,9
gorgeous,9
everyday,9
functioning,9
disable,9
lighting,9
parts,9
stated,9
everyone,9
missed,9
research,9
feet,9
swipe,9
latest,9
recently,9
alot,9
simply,9
higher,9
moment,9
shape,9
pros,9
functionality,9
anywhere,9
thin,9
closing,9
move,9
snapdragon,9
etrex,9
july,9
bother,9
comfortable,9
clearly,9
allow,9
normally,9
local,9
initially,9
key,9
figured,9
wall,9
ios,9
lose,9
actual,9
transfer,9
enjoy,8
changed,8
gs,8
fan,8
activating,8
exchange,8
easier,8
turning,8
mins,8
firmware,8
plenty,8
ringtones,8
random,8
fair,8
news,8
loaded,8
basic,8
ip,8
background,8
removed,8
check,8
level,8
guy,8
spot,8
st,8
cuts,8
checked,8
mostly,8
require,8
r,8
bugs,8
average,8
superior,8
corner,8
affordable,8
external,8
finish,8
reasons,8
provided,8
favorite,8
happening,8
lol,8
drains,8
daily,8
ringtone,8
unresponsive,8
beware,8
surprise,8
learned,8
texts,8
flaw,8
none,8
compare,8
sharp,8
maps,8
media,8
putting,8
lasting,8
style,8
unusable,8
energy,8
print,8
w,8
blank,8
gotten,8
outstanding,8
clean,8
slots,8
improvement,8
customers,8
disappointing,8
ready,8
weird,8
surprised,8
sprint,8
range,8
seeing,8
garbage,8
spending,8
fragile,8
plugged,8
application,8
meaning,8
friendly,8
chose,8
opinion,8
initial,8
account,8
didnt,8
stock,8
fits,8
shutting,8
choose,8
special,8
upset,8
powerful,8
ordering,8
comment,8
scanner,8
frustrating,8
simple,8
ring,8
fingerprints,8
scared,8
happens,8
incredibly,8
june,8
net,7
beyond,7
warm,7
overheating,7
provide,7
starts,7
ups,7
downside,7
listed,7
rate,7
regular,7
quad,7
touches,7
result,7
blaster,7
protect,7
mistake,7
sticker,7
confirmed,7
bells,7
metropcs,7
post,7
match,7
amazingly,7
sunlight,7
differences,7
notifications,7
flawlessly,7
drive,7
password,7
na,7
loyal,7
vietnam,7
minute,7
moderate,7
along,7
appears,7
claim,7
earphone,7
watching,7
applications,7
repaired,7
morning,7
language,7
carry,7
sounds,7
ridiculous,7
pre,7
knew,7
shot,7
truly,7
mom,7
constant,7
middle,7
edges,7
provider,7
act,7
luck,7
improved,7
touchwiz,7
amoled,7
premium,7
operating,7
ahead,7
action,7
via,7
beginning,7
minor,7
tested,7
pressing,7
att,7
overnight,7
paper,7
late,7
argentina,7
complain,7
dust,7
luckily,7
defect,7
self,7
costs,7
tmobile,7
sensitive,7
megapixel,7
dropping,7
charm,7
moto,7
processing,7
refused,7
step,7
custom,7
newer,7
draw,7
cellular,7
slim,7
purposes,7
slip,7
hit,7
realized,7
bunch,7
willing,7
pixel,7
covering,7
capabilities,7
false,7
curved,7
microphone,7
future,7
face,7
based,7
handle,7
likely,7
comparable,7
joke,7
smartphones,7
accurate,7
press,7
avoid,7
sister,7
whistles,7
functional,7
noticed,7
wise,7
places,7
contacting,7
four,6
buyer,6
companies,6
items,6
credit,6
browsing,6
chargers,6
setup,6
regrets,6
travel,6
gaming,6
excited,6
attempt,6
appreciate,6
band,6
brightness,6
saturday,6
reader,6
mini,6
folks,6
smaller,6
nicely,6
con,6
suggest,6
lovely,6
sad,6
emails,6
k,6
seven,6
board,6
possible,6
apart,6
glitch,6
performing,6
manual,6
christmas,6
manufacturers,6
inside,6
glitchy,6
floor,6
whereas,6
intend,6
themes,6
flash,6
downloading,6
leave,6
droid,6
downloaded,6
connector,6
scratched,6
following,6
sample,6
heard,6
english,6
till,6
birthday,6
besides,6
honest,6
saving,6
directly,6
impossible,6
europe,6
typing,6
white,6
transferred,6
pro,6
saw,6
efficient,6
wonder,6
ways,6
voicemail,6
somewhere,6
period,6
shuts,6
throw,6
remote,6
overseas,6
caused,6
awful,6
search,6
include,6
accept,6
states,6
onto,6
playing,6
uninstall,6
hell,6
messed,6
happier,6
flimsy,6
sell,6
windows,6
nervous,6
failed,6
beautifully,6
repairs,6
various,6
conditions,6
silicone,6
became,6
fun,6
task,6
e,6
siri,6
connecting,6
minimal,6
performed,6
services,6
lesson,6
forward,6
restarted,6
uk,6
earphones,6
required,6
concerned,6
facebook,6
picked,6
click,6
body,6
leaving,6
tap,6
covered,6
auto,6
realize,6
activate,6
met,6
afford,6
adaptor,6
request,6
frame,6
placed,6
correctly,6
quit,6
present,6
vr,6
center,6
microsd,6
insert,6
crisp,6
sized,6
liking,6
iphones,6
blurry,6
biggest,6
count,6
recognize,6
guarantee,6
consider,5
sorry,5
wednesday,5
frozen,5
supplier,5
protection,5
active,5
total,5
unit,5
double,5
hole,5
shoot,5
example,5
reviewing,5
complaining,5
necessary,5
anyways,5
eventually,5
safe,5
gon,5
keys,5
flawless,5
primary,5
staying,5
returns,5
vibrate,5
somewhat,5
wasted,5
showed,5
elegant,5
ran,5
talking,5
strength,5
niece,5
alarm,5
menu,5
hrs,5
theme,5
imei,5
despite,5
bar,5
countries,5
sensitivity,5
detection,5
loose,5
suggested,5
accident,5
china,5
restarts,5
ugly,5
neat,5
vendor,5
oneplus,5
adding,5
thankfully,5
usable,5
zoom,5
core,5
european,5
authorized,5
attached,5
promised,5
alerts,5
nd,5
serious,5
songs,5
rom,5
recharge,5
exact,5
current,5
falling,5
buck,5
noticeable,5
noticeably,5
losing,5
rarely,5
acceptable,5
allowed,5
aluminum,5
surfing,5
window,5
million,5
advance,5
connectivity,5
waited,5
caught,5
released,5
upgrading,5
terrific,5
pair,5
inserted,5
rating,5
prime,5
rma,5
points,5
pop,5
former,5
situation,5
region,5
technology,5
muffled,5
solve,5
early,5
preinstalled,5
listening,5
lightning,5
resolved,5
poorly,5
activation,5
unusual,5
oh,5
convenient,5
titanium,5
general,5
nova,5
rubber,5
offered,5
requested,5
passed,5
tv,5
enjoying,5
sitting,5
decide,5
appearance,5
strong,5
gear,5
followed,5
eye,5
numbers,5
breaking,5
suppose,5
advice,5
dream,5
september,5
held,5
register,5
capability,5
house,5
solved,5
friday,5
ton,5
b,5
recording,5
listen,5
official,5
outlook,5
reach,5
circle,5
touchscreen,5
interface,5
damn,5
technical,5
error,5
advise,5
walmart,5
questions,5
alternative,5
input,5
helpful,5
per,5
word,5
risk,5
opens,5
info,5
z,5
rooted,5
heats,5
helps,5
dislike,5
continued,5
meant,5
networks,5
larger,5
honor,5
usd,5
sort,5
popped,5
malware,5
mentioned,5
rep,5
retail,5
blows,5
protectors,5
management,5
sadly,5
grip,5
bloat,5
comfortably,5
class,5
rough,5
lucky,5
view,5
btw,5
neither,5
ability,5
internationally,5
april,5
addition,5
treat,5
vs,5
generic,5
usual,5
restore,5
batteries,5
details,5
desk,5
vibrant,5
soft,5
hair,5
expansion,5
outlets,5
expandable,5
socket,5
xperia,5
incredible,5
pure,5
backup,4
void,4
connects,4
sellers,4
saved,4
fingers,4
kids,4
complicated,4
changes,4
secure,4
explained,4
spoke,4
therefore,4
survive,4
root,4
machine,4
occasions,4
japan,4
bang,4
rocks,4
reasonable,4
solution,4
laggy,4
clarity,4
idle,4
speaking,4
relatively,4
forced,4
causing,4
nobody,4
layout,4
adequate,4
patch,4
capacity,4
muy,4
omg,4
weak,4
wasnt,4
expense,4
tiny,4
ownership,4
mentioning,4
buyers,4
wanting,4
unique,4
unnecessary,4
steps,4
deleted,4
plz,4
selfie,4
america,4
lags,4
underwater,4
covers,4
assume,4
phenomenal,4
skin,4
supposedly,4
ware,4
father,4
dissatisfied,4
marks,4
prevent,4
headset,4
appear,4
learn,4
address,4
navigation,4
prompt,4
manufacturing,4
everywhere,4
wouldnt,4
cam,4
compatibility,4
whenever,4
indeed,4
mainly,4
scam,4
tendency,4
policy,4
emailed,4
permissions,4
term,4
january,4
entirely,4
yeah,4
bezel,4
originally,4
earlier,4
spanish,4
fraction,4
corning,4
wide,4
forever,4
professional,4
nearly,4
recommending,4
concern,4
label,4
john,4
across,4
spare,4
installation,4
quiet,4
camara,4
mark,4
according,4
perhaps,4
trip,4
complained,4
clicking,4
amazed,4
rest,4
death,4
lets,4
tower,4
accidentally,4
images,4
slick,4
content,4
asap,4
area,4
hey,4
sides,4
optical,4
october,4
tones,4
file,4
antenna,4
badly,4
trash,4
curve,4
dollar,4
icons,4
yr,4
selfies,4
hdr,4
list,4
sync,4
displays,4
public,4
branded,4
preloaded,4
knows,4
particular,4
v,4
sense,4
earpiece,4
par,4
suffer,4
units,4
party,4
insurance,4
ass,4
upon,4
story,4
launch,4
transferring,4
waterproofing,4
lit,4
lip,4
tool,4
lying,4
stores,4
heavily,4
rebooting,4
generally,4
bars,4
korea,4
pissed,4
sweet,4
pc,4
fire,4
stolen,4
pressed,4
compact,4
backing,4
rid,4
cut,4
location,4
snap,4
matters,4
ignore,4
unstable,4
palm,4
fee,4
hidden,4
netflix,4
shiny,4
spam,4
placing,4
files,4
hoped,4
continuously,4
chat,4
becomes,4
results,4
tracfone,4
octa,4
min,4
jump,4
odd,4
led,4
metro,4
resets,4
doubt,4
occurred,4
carrying,4
glitching,4
pieces,4
tag,4
serial,4
holds,4
produced,4
crash,4
february,4
nfc,4
edit,4
slide,4
unbelievable,4
lastly,4
electronics,4
crashed,4
steal,4
conversation,4
south,4
owning,4
yrs,4
ringer,4
angle,4
arm,4
concerns,4
supported,4
planning,4
knowledge,4
listened,4
words,4
knowing,4
volte,4
personalize,4
hits,4
table,4
responds,4
deep,4
stunning,4
thus,4
site,4
surface,4
lightweight,4
colour,4
cutting,4
sourced,4
moments,4
dose,4
web,4
identical,4
motorola,4
throughout,4
mines,4
couldnt,4
ear,4
record,4
detail,4
outlet,4
kinda,4
priced,4
cpu,4
limited,3
secondly,3
sleep,3
whatsoever,3
master,3
bringing,3
integrated,3
hide,3
preferences,3
lights,3
hundreds,3
leaves,3
hospital,3
brings,3
adware,3
movies,3
transition,3
frequent,3
bank,3
l,3
meets,3
haircut,3
god,3
lollipop,3
enormous,3
speedy,3
swiping,3
hearing,3
rated,3
manufacture,3
tells,3
gripe,3
elegance,3
correct,3
utilize,3
dog,3
earth,3
availability,3
sells,3
venezuela,3
report,3
release,3
extend,3
improve,3
heating,3
tone,3
appeared,3
height,3
tons,3
asks,3
beer,3
teenager,3
chipped,3
smartwatch,3
passcode,3
formatting,3
procedure,3
shame,3
unfortunate,3
pick,3
hang,3
afraid,3
dark,3
insisted,3
possessed,3
greatest,3
claims,3
prints,3
ease,3
breaks,3
arab,3
perfecto,3
somehow,3
invoice,3
payed,3
displayed,3
falls,3
afternoon,3
facetime,3
soo,3
annoyance,3
quirks,3
heat,3
crystal,3
delete,3
proved,3
dying,3
roll,3
unlocking,3
reviewers,3
adoptable,3
prepaid,3
keeping,3
stays,3
team,3
sign,3
suspect,3
reply,3
burn,3
slower,3
incoming,3
vibrating,3
hiking,3
vivid,3
positive,3
turbo,3
thru,3
slightest,3
december,3
map,3
max,3
suck,3
unbelievably,3
man,3
pulled,3
accepted,3
group,3
interesting,3
offers,3
listing,3
h,3
troubleshooting,3
square,3
receipt,3
ft,3
replacing,3
screw,3
state,3
router,3
promotion,3
gionee,3
drove,3
tomorrow,3
rugged,3
browser,3
nicer,3
channel,3
track,3
clearer,3
sale,3
pores,3
tooth,3
ground,3
closed,3
assistant,3
lighter,3
freaking,3
regarding,3
girl,3
superb,3
stupid,3
college,3
impressions,3
august,3
pixels,3
postage,3
mobiles,3
disappointment,3
among,3
whatsapp,3
tax,3
awsome,3
id,3
supports,3
profiles,3
costco,3
handy,3
telephone,3
awhile,3
locking,3
driver,3
changing,3
republic,3
rose,3
heavier,3
pos,3
googled,3
refer,3
lens,3
snapchat,3
buds,3
removing,3
surprising,3
shower,3
wiping,3
unreliable,3
agree,3
vehicles,3
ad,3
moved,3
landscape,3
fill,3
recent,3
brands,3
crappy,3
pool,3
alright,3
chinese,3
follow,3
causes,3
program,3
carefree,3
sluggish,3
manager,3
appointment,3
subjects,3
section,3
row,3
contrast,3
outgoing,3
replaceable,3
difficulty,3
social,3
comparing,3
helped,3
purchases,3
computers,3
pushed,3
stayed,3
occasionally,3
possibly,3
tries,3
disabled,3
rapidly,3
systems,3
cel,3
dealing,3
everytime,3
weight,3
idea,3
thrown,3
needing,3
cdma,3
fallen,3
fancy,3
statement,3
focusing,3
inconvenient,3
kindle,3
treated,3
substantial,3
ratings,3
lil,3
finding,3
customize,3
experiences,3
sturdy,3
particularly,3
carefully,3
font,3
permission,3
basement,3
enjoyed,3
latam,3
attention,3
hesitant,3
embarrassing,3
brick,3
specifically,3
pack,3
galazy,3
temporary,3
lie,3
bonus,3
concrete,3
tim,3
reviewer,3
remaining,3
lacking,3
game,3
tweaks,3
skeptical,3
continue,3
stylish,3
hangs,3
streaming,3
experienced,3
curious,3
decision,3
tends,3
bs,3
handled,3
messaging,3
nonsense,3
statistics,3
question,3
elsewhere,3
recommendation,3
department,3
utterly,3
notch,3
consumer,3
partial,3
existing,3
stable,3
magic,3
attempts,3
kit,3
blowing,3
traveling,3
schedule,3
situations,3
existent,3
stabilization,3
manage,3
dedicated,3
names,3
synchronize,3
obvious,3
meet,3
tab,3
native,3
united,3
located,3
overheat,3
lines,3
fastest,3
areas,3
dad,3
bueno,3
bump,3
frequency,3
exceeded,3
performs,3
ect,3
blown,3
echo,3
improvements,3
owner,3
bed,3
bet,3
documents,3
mid,3
expired,3
callers,3
agreed,3
winner,3
fixes,3
gbs,3
terms,3
packed,3
written,3
frustrated,3
atleast,3
strongly,3
cs,3
bricked,3
malfunctioning,3
promte,3
harder,3
ultra,3
ill,3
strange,3
attractive,3
hurry,3
kick,3
checking,3
thicker,3
success,3
miami,3
regardless,3
overlay,3
snappy,3
noise,3
slight,3
frustration,3
tricky,3
delivers,3
limit,3
percent,3
kinds,3
monday,3
living,3
shown,3
lives,3
troubles,3
resist,2
personally,2
arrival,2
replacements,2
eligible,2
welcome,2
swap,2
handling,2
malfunctioned,2
bill,2
speck,2
tired,2
fabulous,2
errors,2
blus,2
responsiveness,2
reported,2
affiliated,2
glte,2
bro,2
aka,2
theres,2
grandkids,2
split,2
actions,2
forums,2
reflected,2
mexico,2
player,2
refusing,2
caution,2
answers,2
uag,2
nuts,2
playback,2
gate,2
hi,2
gamble,2
beauty,2
italy,2
types,2
recieved,2
maintain,2
africa,2
operate,2
feedback,2
office,2
moves,2
ticket,2
soaking,2
writing,2
differently,2
pass,2
prevented,2
fear,2
reasonably,2
backgrounds,2
leaned,2
rebooted,2
arrives,2
trading,2
logo,2
driving,2
masterpiece,2
swimming,2
created,2
heck,2
thick,2
researched,2
letting,2
neck,2
compromise,2
percentage,2
happily,2
whith,2
forth,2
entries,2
feeling,2
fashion,2
navigate,2
genuine,2
thoroughly,2
latter,2
thrilled,2
object,2
materials,2
consumers,2
emailing,2
traded,2
meetings,2
infrared,2
cheaply,2
toilet,2
busy,2
explain,2
touched,2
modern,2
automatic,2
blew,2
motherboard,2
extremly,2
fail,2
sorts,2
questionable,2
loading,2
wear,2
wtf,2
hated,2
exceeds,2
packaged,2
trust,2
speak,2
catch,2
applied,2
exception,2
portable,2
lesser,2
played,2
trade,2
babied,2
perform,2
backed,2
vibrates,2
photographers,2
positives,2
opportunity,2
thoughts,2
shortly,2
programs,2
savings,2
yea,2
laptop,2
forested,2
greatly,2
buffer,2
cooler,2
disconnects,2
amor,2
czech,2
confusing,2
dslr,2
purple,2
shifting,2
flaws,2
proceed,2
rolled,2
misleading,2
islands,2
sept,2
raised,2
sol,2
medium,2
form,2
attempted,2
becoming,2
ford,2
duel,2
responding,2
bargain,2
economic,2
unboxing,2
sticks,2
stronger,2
exist,2
handed,2
discharge,2
shatters,2
hurt,2
grief,2
push,2
inc,2
profits,2
remarkable,2
unplugged,2
llc,2
depend,2
disgusting,2
answered,2
suffered,2
frequencies,2
construction,2
launchers,2
slowed,2
wondering,2
penny,2
cooled,2
filled,2
marketed,2
unsure,2
bandwagon,2
baseball,2
patience,2
alone,2
brilliant,2
pruduct,2
trial,2
accomplished,2
raining,2
tasks,2
merely,2
upgradeable,2
trinidad,2
visit,2
visual,2
goods,2
smudges,2
capturing,2
indicates,2
minimum,2
arrive,2
usability,2
confused,2
pink,2
fortunately,2
secured,2
sudden,2
fourth,2
familiar,2
absolute,2
nonstop,2
crashes,2
clone,2
levi,2
designed,2
remember,2
ghz,2
sm,2
flips,2
thinner,2
managers,2
blocked,2
acknowledge,2
gen,2
ois,2
texas,2
matches,2
killer,2
shatter,2
underneath,2
nov,2
transaction,2
populated,2
sponsor,2
begun,2
eu,2
intended,2
canada,2
possibility,2
motion,2
funky,2
massive,2
guessing,2
discharges,2
requirement,2
clumsy,2
silent,2
workaround,2
width,2
authentic,2
freebie,2
prone,2
broadcast,2
boyfriend,2
rival,2
dissapointed,2
remained,2
threw,2
aside,2
hotspot,2
equipment,2
ideal,2
potential,2
personalized,2
urge,2
begin,2
pain,2
pages,2
icon,2
failure,2
crooked,2
typically,2
repeatedly,2
walking,2
cheat,2
discovered,2
dice,2
favor,2
directed,2
disabler,2
expectation,2
megapixal,2
seldom,2
routinely,2
worries,2
ignored,2
physically,2
ends,2
blurred,2
sincere,2
planet,2
fails,2
satisfying,2
registering,2
paired,2
jumped,2
glaze,2
sites,2
article,2
emergency,2
effective,2
satisfaction,2
mirroring,2
cosmetic,2
confirm,2
cancel,2
nope,2
capable,2
vacation,2
combined,2
hardly,2
estimated,2
thousand,2
blessing,2
disconnected,2
developing,2
trick,2
promising,2
snappier,2
ive,2
secondary,2
assist,2
decently,2
customized,2
components,2
peripherals,2
foot,2
distorted,2
interested,2
extensive,2
glitched,2
customizability,2
fortune,2
benefit,2
output,2
reduced,2
satisfactory,2
exposed,2
respect,2
intact,2
pad,2
stops,2
provides,2
arabia,2
accessing,2
manufactured,2
lcd,2
finicky,2
ol,2
ack,2
communication,2
accounts,2
heated,2
wan,2
log,2
producto,2
exceptional,2
locks,2
pull,2
practically,2
assy,2
dirty,2
forgot,2
watched,2
horse,2
film,2
deserve,2
field,2
instantly,2
briefly,2
refunded,2
building,2
maximum,2
talks,2
disk,2
reluctant,2
ta,2
sooo,2
straightforward,2
bubbles,2
switches,2
mile,2
saudi,2
dunk,2
quicker,2
instagram,2
exchanged,2
cash,2
choices,2
dial,2
clock,2
movement,2
vale,2
buzzing,2
colored,2
advertising,2
sticking,2
deals,2
layer,2
indoors,2
pdfs,2
sits,2
select,2
readily,2
improves,2
permanently,2
atrocious,2
scan,2
share,2
pone,2
lacks,2
lousy,2
jumping,2
panoramic,2
hotter,2
refuse,2
anytime,2
banks,2
rounded,2
adjust,2
annoyingly,2
offerings,2
signs,2
drainage,2
detected,2
goog,2
uhd,2
evening,2
ya,2
um,2
thereof,2
ports,2
malfunction,2
generation,2
extended,2
operation,2
todo,2
magnet,2
unknown,2
carpet,2
bass,2
extraordinary,2
brightest,2
imagine,2
approach,2
loads,2
appointments,2
bumped,2
comands,2
terribly,2
assign,2
defects,2
leading,2
icloud,2
hundred,2
park,2
levels,2
stall,2
emirates,2
technician,2
cleaner,2
uncomfortable,2
tough,2
recognizing,2
exploded,2
unstuck,2
inconvenience,2
serviced,2
microsoft,2
fone,2
registers,2
degraded,2
screenshots,2
warranties,2
triangle,2
batter,2
rebranded,2
river,2
wrote,2
insane,2
dump,2
intelligence,2
marginally,2
protecting,2
burned,2
responses,2
synchronizing,2
abruptly,2
fiance,2
focused,2
upgrades,2
worthless,2
create,2
pm,2
firm,2
packs,2
gal,2
demand,2
rocking,2
guide,2
loop,2
detailed,2
reps,2
rip,2
triple,2
alert,2
digitizer,2
recognized,2
savvy,2
preference,2
responsible,2
criticism,2
reviewed,2
world,2
tablet,2
lady,2
fitting,2
win,2
operators,2
outright,2
sincerely,2
admittedly,2
mirror,2
germany,2
closest,2
shall,2
inserting,2
nowhere,2
abroad,2
block,2
techie,2
retailer,2
downhill,2
handles,2
preordered,2
considerably,2
competition,2
filed,2
hopes,2
dull,2
intuitive,2
ur,2
un,2
warning,2
dud,2
phantom,2
corners,2
dimmed,2
occasional,2
explaining,2
prepared,2
samsungs,2
fresh,2
requires,2
sounded,2
code,2
centers,2
furnished,2
speakerphone,2
intensive,2
pleasing,2
presently,2
screwed,2
telling,2
customization,2
ai,2
grippy,2
exits,2
fewer,2
skipped,2
dealt,2
deleting,2
noted,2
tinny,2
consistently,2
unreal,2
jailbreak,2
objects,2
euro,2
consideration,2
extreme,2
casing,2
lifeproof,2
involves,2
fulfill,2
named,2
heart,2
private,2
weaker,2
tools,2
multitask,2
laying,2
celphone,2
unplug,2
ashamed,2
starter,2
slid,2
certification,2
sit,2
delay,2
numerous,2
recognizes,2
geek,2
road,2
furious,2
mute,2
whilst,2
modified,2
headsets,2
orange,2
flex,2
greater,2
nada,2
synchronized,2
warned,2
weather,2
viewing,2
apologize,2
related,2
static,2
variety,2
okey,2
granddaughter,2
reacts,2
galaxies,2
bothered,2
backwards,2
florida,2
length,2
mad,2
bulky,2
reached,2
sockets,2
adapters,2
octacore,2
widgets,2
shell,2
debate,2
updating,2
ipad,2
liquid,2
teenagers,2
sturdier,2
stream,2
tldr,2
plugging,2
deny,2
placement,2
leg,2
envy,2
editing,2
earned,2
holder,2
controls,2
score,2
versatile,2
regularly,2
sharper,2
midnight,2
bear,2
gray,2
processes,2
draining,2
shy,2
taxes,2
contain,2
grab,2
hardwood,2
intensity,2
scroll,2
enhanced,2
closes,2
pattern,2
nightmare,2
joy,2
deliver,2
kicking,2
gpu,2
instant,2
cm,2
gophone,2
walk,2
ignoring,2
powered,2
slowly,2
sufficient,2
cruddy,2
graphics,2
kicks,2
smoking,2
multi,2
plain,2
encountered,2
balance,2
dent,2
ringing,2
manually,2
claimed,2
shooting,2
member,2
tapped,2
practice,2
infinity,2
promo,2
reporting,2
beast,2
pleasantly,2
warrantee,2
calibration,2
sets,2
partner,2
newest,2
arriving,2
mths,2
flashlight,2
voila,2
ample,2
recharging,2
presume,2
tick,2
executive,2
leery,2
separate,2
panel,2
freedom,2
letters,2
additionally,2
travelers,2
utility,2
trigger,2
mailed,2
partially,2
signed,2
books,2
handset,2
pic,2
slowing,2
recomend,2
book,2
sick,2
conclusion,2
hikes,2
searched,2
defend,2
awayif,1
desirable,1
yellow,1
resisted,1
thats,1
assembled,1
localized,1
stinks,1
increase,1
votes,1
aug,1
segments,1
spec,1
endings,1
presents,1
patched,1
fps,1
pride,1
litle,1
sinking,1
louder,1
dateit,1
stright,1
hilarious,1
lurk,1
despise,1
chrismas,1
affect,1
muted,1
adaptive,1
vast,1
cnet,1
believed,1
doubts,1
junked,1
customizable,1
mediatek,1
convenience,1
unrelated,1
flashy,1
shafted,1
sponsored,1
slipper,1
asian,1
jamaica,1
aaa,1
force,1
scrapes,1
direct,1
frosted,1
surrounding,1
tweezers,1
virgin,1
inanimate,1
asin,1
pace,1
specification,1
phoneand,1
asia,1
children,1
slo,1
en,1
conduct,1
increasing,1
ipod,1
med,1
widget,1
culo,1
simultaneously,1
sinks,1
mem,1
mailings,1
brainwashed,1
meu,1
diagnostic,1
growing,1
dry,1
remotely,1
jams,1
pi,1
pry,1
itunes,1
launched,1
witted,1
punishment,1
golden,1
mobility,1
impacted,1
onen,1
visible,1
srill,1
dnd,1
yayvgood,1
bronze,1
explorers,1
choosen,1
largely,1
receipts,1
disconnecting,1
spected,1
paperwork,1
posting,1
toss,1
successful,1
snarky,1
curvature,1
tilting,1
blocking,1
symbology,1
te,1
waterproofcons,1
midwest,1
receipes,1
worn,1
elbow,1
nework,1
swipes,1
merchant,1
president,1
audiobooks,1
indicated,1
household,1
unreadable,1
india,1
digit,1
owesome,1
currency,1
uae,1
recovery,1
revisit,1
exelent,1
preferable,1
pizza,1
untill,1
twoards,1
typed,1
manuals,1
lab,1
qhd,1
thankyou,1
law,1
looove,1
attracts,1
likewise,1
green,1
contatec,1
operations,1
enter,1
androids,1
syncs,1
partnered,1
sulk,1
diagonally,1
pluscons,1
beside,1
stoped,1
reconend,1
swapped,1
commending,1
imo,1
bulding,1
production,1
persist,1
emphasize,1
versus,1
coffee,1
complany,1
affected,1
vista,1
weakness,1
hardships,1
supporter,1
school,1
repulsive,1
reaches,1
beaut,1
clumsimess,1
internally,1
sixteen,1
reaaaaaaally,1
incipo,1
noticably,1
explode,1
spotless,1
advertixing,1
alexie,1
tylt,1
keyboards,1
perimeter,1
weakpoints,1
financial,1
ofcourse,1
caicos,1
hanged,1
xs,1
ghosts,1
humidity,1
tricked,1
overwrite,1
washed,1
scrapping,1
laid,1
noice,1
reprovision,1
rare,1
newly,1
smith,1
rh,1
beatlook,1
buenos,1
foto,1
assured,1
resume,1
timesshould,1
isgarbage,1
spill,1
cites,1
operable,1
compass,1
storm,1
accts,1
shippes,1
crushed,1
atl,1
conection,1
creates,1
lotssss,1
tmoble,1
wowed,1
removedimagine,1
stripe,1
rang,1
daunting,1
softbreset,1
grade,1
accent,1
supposing,1
ecuador,1
rank,1
spinning,1
warped,1
incell,1
sober,1
electronic,1
illustrate,1
bahamas,1
ten,1
klamp,1
blackberry,1
confirming,1
wildly,1
oiscell,1
cycle,1
massively,1
spazzing,1
insightful,1
simulates,1
hangout,1
collapse,1
canned,1
gym,1
serve,1
crate,1
nearby,1
wrapped,1
knockoff,1
crawl,1
breaker,1
distance,1
glassy,1
target,1
fairytale,1
thx,1
enabled,1
tackles,1
ebay,1
project,1
classes,1
characteristics,1
dlls,1
spoiled,1
powers,1
oynx,1
perspective,1
wanders,1
disturb,1
pblm,1
club,1
ergonomics,1
manner,1
mint,1
contents,1
quieter,1
hub,1
tecnolog,1
investment,1
forces,1
educator,1
completed,1
ireland,1
committing,1
powershot,1
redudant,1
reveiws,1
mouth,1
seleccionar,1
parting,1
attitude,1
sapphire,1
peers,1
bounced,1
loveeee,1
swagbuck,1
pepole,1
competitors,1
bracket,1
sun,1
soooooooooooooooooooo,1
entertaining,1
photographies,1
annoyed,1
dealfinder,1
overpriced,1
padded,1
abilities,1
liberty,1
tempted,1
organized,1
spite,1
implementation,1
minnesota,1
appreciated,1
rich,1
rice,1
oct,1
personality,1
flames,1
sms,1
sunglasses,1
sealedreally,1
colorful,1
lightening,1
air,1
de,1
perceive,1
preferred,1
conspros,1
clumsiness,1
cushion,1
ben,1
onboard,1
represented,1
chanel,1
dp,1
lmao,1
fingerscrossed,1
snorkeled,1
getspecs,1
aesthetic,1
shocks,1
mbps,1
thumbs,1
lettering,1
leasing,1
disaster,1
habit,1
verygood,1
erika,1
sporadic,1
subject,1
doscreen,1
swisscom,1
panels,1
tantamount,1
saiu,1
mul,1
indestrutcible,1
pfft,1
recueved,1
glossy,1
yukkie,1
lazy,1
squealing,1
handful,1
ww,1
stress,1
downgrade,1
picking,1
downgraded,1
opportunities,1
russia,1
fingerprintsno,1
players,1
receives,1
login,1
miscommunication,1
advertisements,1
gap,1
dorm,1
minuses,1
myou,1
wider,1
november,1
qualitly,1
proceeded,1
symbols,1
basis,1
chrome,1
reconditioned,1
interest,1
rockers,1
incompetent,1
droplets,1
onyx,1
shattering,1
lift,1
taggy,1
altered,1
fares,1
bulged,1
quietest,1
brandnew,1
vendetta,1
connectors,1
dashboard,1
applies,1
aid,1
esse,1
whitout,1
bin,1
surprises,1
dinged,1
writes,1
linkedin,1
hebrew,1
ic,1
controversy,1
adjusting,1
disappear,1
grown,1
turnes,1
resetting,1
putector,1
demands,1
wound,1
othe,1
scooter,1
complex,1
potentially,1
damages,1
advances,1
nytimes,1
fuss,1
evie,1
differing,1
rain,1
delight,1
internals,1
animations,1
blister,1
terific,1
indefinitely,1
suitable,1
thy,1
settled,1
failing,1
uploading,1
suffering,1
yas,1
tho,1
tha,1
yeh,1
answering,1
graded,1
camerathe,1
dope,1
aftermarket,1
bugged,1
samssung,1
screenantenna,1
burns,1
monitored,1
omfg,1
gotham,1
stuffing,1
panamanian,1
shout,1
loland,1
supervisor,1
designsamsung,1
exhibited,1
casting,1
quirk,1
progressed,1
caps,1
monitorsummary,1
rotate,1
burnt,1
sufferd,1
dreams,1
desire,1
libya,1
damaging,1
regretting,1
soap,1
esthetics,1
hung,1
towards,1
www,1
coments,1
deaf,1
born,1
printer,1
battry,1
advertise,1
varietys,1
qmadix,1
fixable,1
doorstep,1
unsuspecting,1
firts,1
officials,1
fox,1
ice,1
uma,1
seald,1
denied,1
confusion,1
emoji,1
completly,1
pls,1
bold,1
shakey,1
payment,1
barcode,1
webpages,1
disappeared,1
loyalties,1
art,1
verizonwireless,1
keeper,1
properties,1
limitation,1
predisposition,1
acquire,1
accepts,1
shards,1
dinner,1
ensure,1
efforts,1
observation,1
explainingnote,1
downcamera,1
dials,1
potato,1
pays,1
lies,1
parties,1
sox,1
shoots,1
strangely,1
rely,1
peoples,1
reccomend,1
trusty,1
vody,1
shocked,1
resulted,1
purposely,1
lowest,1
forn,1
stereo,1
landing,1
justify,1
astonished,1
melting,1
shaun,1
spun,1
prevents,1
fills,1
converters,1
anew,1
submitting,1
meters,1
temper,1
originating,1
juvenile,1
allday,1
aamazon,1
greener,1
crunched,1
unprompted,1
legal,1
guessed,1
tea,1
ship,1
mold,1
shit,1
encrypt,1
faithful,1
unrivaled,1
grammatical,1
looses,1
runningwaterproof,1
smell,1
downward,1
describe,1
ans,1
corporations,1
weekend,1
mildly,1
bullet,1
screan,1
moat,1
fears,1
pseudo,1
necessitated,1
enhances,1
shop,1
concept,1
customary,1
global,1
gazillion,1
manages,1
functioned,1
chair,1
handnon,1
clarification,1
gigs,1
quilty,1
discovering,1
circumstances,1
calculator,1
advises,1
lunch,1
unfamiliar,1
fees,1
servicing,1
luxury,1
beating,1
proves,1
solves,1
betteronto,1
philippines,1
dig,1
evades,1
apathetic,1
idiomain,1
blur,1
yall,1
findings,1
insignificant,1
ubiquitous,1
copy,1
inexpensive,1
radar,1
recycle,1
patient,1
frustratingly,1
irritated,1
readability,1
assistance,1
remain,1
brink,1
remembered,1
decade,1
freaks,1
marketing,1
staff,1
boost,1
mara,1
supporting,1
uninstalling,1
taps,1
french,1
understanding,1
fluke,1
bk,1
rubbery,1
ref,1
accomplishes,1
guilty,1
exiting,1
queue,1
goteambluupdate,1
discribe,1
hbs,1
exclent,1
overheats,1
chargeable,1
snaps,1
audacity,1
bogs,1
frankly,1
newbie,1
bookmarks,1
mobil,1
jan,1
aye,1
pluses,1
prompting,1
vivio,1
memorial,1
msn,1
wonderfully,1
https,1
believing,1
associated,1
sunburst,1
especifications,1
sessions,1
tagbuild,1
lq,1
combo,1
israel,1
validity,1
clue,1
savior,1
verified,1
rattles,1
fly,1
valued,1
lifetime,1
mircosd,1
reviewi,1
pretend,1
forcing,1
believes,1
wallet,1
values,1
detached,1
plum,1
corrupted,1
uruguay,1
diving,1
fortunes,1
ter,1
workin,1
designing,1
overreacting,1
attract,1
links,1
sunday,1
speedier,1
autofocus,1
probem,1
begs,1
idk,1
drawers,1
accessory,1
clients,1
stup,1
disheartening,1
natural,1
grandson,1
oculus,1
ordinarily,1
tale,1
inform,1
jail,1
progressively,1
verify,1
downsized,1
poduct,1
definetely,1
exclusive,1
approx,1
mtktools,1
externalsupcoming,1
tablets,1
motions,1
argued,1
ridonkulous,1
stellarwifi,1
adhesive,1
mais,1
reacting,1
sexiest,1
msnbc,1
sisyphean,1
views,1
devastated,1
sooner,1
delighted,1
warranted,1
onxy,1
safari,1
preju,1
tjz,1
platformcons,1
rendering,1
opera,1
revert,1
leather,1
testing,1
realise,1
injury,1
quarter,1
concerts,1
apples,1
significantly,1
slimer,1
snapshots,1
borrow,1
resolder,1
resolving,1
ew,1
instances,1
worthy,1
naked,1
ultimately,1
forcefully,1
bulkiness,1
recived,1
awesom,1
cancels,1
miles,1
trauma,1
worksspeed,1
hacked,1
ble,1
protected,1
bugging,1
managed,1
digicel,1
zuniga,1
cars,1
smudge,1
leftouts,1
qi,1
bumps,1
unwanted,1
caro,1
displayanother,1
regretted,1
bootloader,1
remainder,1
wherehouse,1
batteryif,1
standby,1
yup,1
downsides,1
british,1
lockscreen,1
doctor,1
origin,1
symmetry,1
complainit,1
freatures,1
breed,1
indicate,1
checker,1
usi,1
moisture,1
cooling,1
eyes,1
orden,1
floppy,1
season,1
thay,1
proving,1
worded,1
quirky,1
fooled,1
veery,1
undoubtedly,1
television,1
summary,1
receptionists,1
wins,1
asleep,1
outcome,1
stabilisation,1
prd,1
lick,1
stylings,1
phobe,1
consigo,1
rent,1
collects,1
regards,1
recover,1
sat,1
utilizing,1
coal,1
peeled,1
inked,1
instructed,1
interior,1
surf,1
trace,1
waybill,1
blooey,1
insanity,1
execellent,1
abut,1
exploited,1
printed,1
pricy,1
converter,1
vibrancy,1
cleared,1
arrrggh,1
viewable,1
refunds,1
considered,1
gyro,1
comparably,1
acmebox,1
backdrop,1
bending,1
clearing,1
anchors,1
tinier,1
sadapter,1
definite,1
ohine,1
inconsistent,1
teamed,1
pump,1
california,1
pacific,1
azdaatt,1
slop,1
fluid,1
internacional,1
incessantly,1
tears,1
germs,1
enthusiasm,1
posted,1
telefono,1
varios,1
tiple,1
exaggeration,1
unbroken,1
kiki,1
simcard,1
awaiting,1
cautionary,1
insertion,1
uneven,1
recharged,1
fd,1
requesting,1
planned,1
fanboy,1
certificado,1
discussing,1
concert,1
burst,1
espa,1
eaasy,1
capabiity,1
connections,1
unpluged,1
existence,1
siris,1
stilllllll,1
surfaces,1
vertical,1
boy,1
procedures,1
kainn,1
punta,1
flow,1
blame,1
faults,1
densely,1
como,1
encounter,1
reaction,1
dates,1
carpeted,1
mob,1
adept,1
megapixels,1
misrepresentation,1
moreso,1
sketchy,1
overcharge,1
expression,1
allowance,1
yearly,1
belinda,1
siii,1
pot,1
repairable,1
bogging,1
bizarre,1
yor,1
tinkering,1
logic,1
marshmallowcons,1
locally,1
informed,1
dependable,1
mars,1
reflective,1
featuring,1
portected,1
accsessiores,1
direction,1
enable,1
shopping,1
bypass,1
clunkier,1
commands,1
antivirus,1
dangerous,1
planing,1
dramatic,1
wake,1
suspected,1
countless,1
gut,1
intenational,1
stacked,1
spanking,1
sometime,1
fines,1
dropcons,1
shops,1
buen,1
modwl,1
batterythe,1
coupled,1
soil,1
strait,1
bulshit,1
thabk,1
clutter,1
contract,1
farmville,1
somebody,1
obnoxious,1
rmas,1
granted,1
seeking,1
figuring,1
followers,1
workseems,1
coworkers,1
buys,1
lite,1
stepped,1
gadget,1
generated,1
andbeautifu,1
screenshot,1
disadvantages,1
frying,1
arctic,1
ness,1
persons,1
arose,1
backnthe,1
breakdowns,1
undefined,1
intermittent,1
flies,1
everyrhing,1
accountable,1
hubby,1
smwhat,1
smartswitch,1
summer,1
morons,1
outdoor,1
affair,1
tjmes,1
unofficial,1
incre,1
greetings,1
aspect,1
bottoms,1
barbados,1
swapping,1
calender,1
subsequently,1
europ,1
ugrading,1
desktop,1
treatment,1
versa,1
prominently,1
electrical,1
blutek,1
aspects,1
kills,1
onscreen,1
mos,1
useperformancecamera,1
income,1
warehouse,1
darn,1
colombia,1
engineers,1
shutted,1
pounds,1
twisted,1
plane,1
kidding,1
unexpectantly,1
retailers,1
pereira,1
kayaking,1
knock,1
overheated,1
tvs,1
bestbuy,1
japanese,1
erase,1
reconsider,1
oxidation,1
thinks,1
buried,1
caribbean,1
unlockef,1
memories,1
highest,1
duos,1
shelling,1
deteriorated,1
unhelpful,1
restoring,1
nuvi,1
assembly,1
arrow,1
equivalent,1
communicate,1
polite,1
hunt,1
optims,1
terrified,1
thailand,1
wondered,1
surpass,1
cares,1
drag,1
andoid,1
recalled,1
mixed,1
sleekness,1
amber,1
researching,1
oversize,1
orientation,1
child,1
excellently,1
struggle,1
cent,1
serviceso,1
operator,1
annoys,1
nowadays,1
ditched,1
equates,1
stari,1
cappacity,1
extatic,1
fish,1
immaculate,1
wobbly,1
waze,1
eefund,1
buggy,1
delayed,1
cabinet,1
consbeing,1
blootooth,1
multitasking,1
enlarging,1
rush,1
embedded,1
engage,1
wholesale,1
receptive,1
dumbphone,1
zooming,1
candyshell,1
invite,1
espectacular,1
grass,1
crear,1
intents,1
ohh,1
taste,1
ah,1
sales,1
watches,1
ap,1
reliability,1
girlfriend,1
cables,1
toggling,1
ideally,1
dated,1
idiot,1
event,1
leap,1
etched,1
sucked,1
beef,1
perils,1
symbol,1
microusb,1
suepr,1
waving,1
malfunctions,1
awkwardly,1
nikon,1
edgey,1
touts,1
partitioned,1
hello,1
seat,1
fraudulent,1
hugely,1
swiftkey,1
surge,1
demo,1
mny,1
colleges,1
liar,1
forget,1
spammed,1
deadline,1
upkeep,1
encapsulation,1
voids,1
reasoning,1
attentive,1
subjected,1
misses,1
thursday,1
unablebto,1
rhinoshield,1
skip,1
safety,1
opted,1
hideous,1
fat,1
german,1
manageable,1
iut,1
mild,1
antone,1
ghostsceern,1
liars,1
booting,1
penalties,1
freakin,1
exploding,1
usps,1
component,1
reccommending,1
casual,1
drainers,1
conscience,1
stood,1
sub,1
deeply,1
audiothe,1
brief,1
unattached,1
crush,1
distracting,1
reboots,1
destroyed,1
ongoing,1
outperforming,1
altogether,1
midrange,1
withstand,1
unprofessional,1
modify,1
forgive,1
modular,1
tracks,1
unremovable,1
directions,1
apparent,1
newish,1
indoor,1
highlyvery,1
arena,1
substance,1
verry,1
losses,1
qualify,1
soldier,1
mentions,1
narrow,1
giveaway,1
headache,1
toughness,1
exhibit,1
transit,1
apropriate,1
startup,1
batterproseverthing,1
noticable,1
passin,1
suxxxxxxhow,1
languages,1
mb,1
invrstigated,1
faint,1
splash,1
dunks,1
markets,1
blaze,1
teen,1
lowering,1
door,1
initiated,1
incentive,1
canon,1
stutter,1
pairs,1
surprisingly,1
landed,1
mounted,1
pretense,1
vel,1
town,1
recall,1
simcards,1
installing,1
dramatically,1
lookingprice,1
nine,1
resources,1
evolved,1
pioneered,1
rigid,1
def,1
history,1
atlast,1
facedo,1
final,1
specied,1
galleries,1
sah,1
niagara,1
firmly,1
biggwr,1
inspected,1
court,1
goal,1
awkward,1
plans,1
glowing,1
surpasses,1
joys,1
ryp,1
csr,1
upto,1
gothamseller,1
shouldnt,1
fv,1
petite,1
variant,1
miners,1
horizontal,1
unacceptable,1
dinheiro,1
susan,1
rooting,1
techy,1
bashing,1
shore,1
responsibility,1
donlt,1
excepted,1
ding,1
latinamerica,1
radios,1
essence,1
phn,1
advised,1
isnt,1
inquiries,1
extraordinario,1
bummed,1
mistreated,1
pronto,1
pcs,1
blurring,1
handheld,1
disagrees,1
peanuts,1
alter,1
prodcut,1
perferct,1
yo,1
strappy,1
engagements,1
suffice,1
remedy,1
detach,1
odin,1
sumbermersion,1
excruciating,1
troubleshoot,1
presented,1
featured,1
evade,1
events,1
placethe,1
cju,1
mental,1
needless,1
reduce,1
hawaii,1
wiggling,1
inflict,1
personalization,1
strausse,1
supprise,1
groove,1
blacks,1
sparingly,1
refurb,1
enjoyment,1
granulated,1
sustain,1
shipment,1
reminder,1
foreground,1
pun,1
devolver,1
dirt,1
rude,1
bulls,1
base,1
dutch,1
mma,1
faucet,1
thread,1
airport,1
published,1
welldoesn,1
speeed,1
twenty,1
criticize,1
heartbeat,1
delicate,1
sacrifice,1
unsatisfied,1
chargesplays,1
knocking,1
brave,1
isnot,1
touting,1
intially,1
brasilians,1
occurrence,1
dinging,1
jet,1
paint,1
identity,1
fingernail,1
nigeria,1
relies,1
ish,1
gigabytes,1
favorably,1
contains,1
devolva,1
appreciation,1
officeofpresident,1
dominican,1
defiantly,1
tive,1
modes,1
nagging,1
kindly,1
instruction,1
outdoors,1
dang,1
seamlessly,1
syncing,1
juice,1
contrary,1
exspesive,1
cleaned,1
cumbersome,1
confirms,1
fading,1
splurged,1
llte,1
nights,1
outbound,1
depending,1
smartphonehaven,1
flaming,1
couch,1
pouring,1
folders,1
retired,1
vibration,1
unused,1
virus,1
significant,1
accepting,1
exelente,1
approved,1
elephant,1
ssid,1
recasting,1
sensing,1
waranty,1
tpu,1
podcasts,1
reassured,1
voicemails,1
blend,1
believetried,1
plano,1
hyper,1
phenomenon,1
bucks,1
wayside,1
relation,1
costing,1
impact,1
indicator,1
northern,1
huawei,1
ruin,1
unhappy,1
moule,1
clipboard,1
hardened,1
sansung,1
proximity,1
hotmail,1
scuff,1
dependent,1
express,1
sunny,1
wonky,1
heading,1
longest,1
pretending,1
combinations,1
critically,1
arget,1
distraction,1
gimmicky,1
catches,1
spikes,1
collapsed,1
scepticale,1
inbuilt,1
folding,1
activity,1
momentsspeaker,1
cahrg,1
harrison,1
throwing,1
scenes,1
individual,1
bare,1
updatetoo,1
fellow,1
changeable,1
micousb,1
learnt,1
pokemon,1
deactivate,1
powerhouse,1
pickup,1
diffenrent,1
futile,1
svg,1
heartache,1
pictured,1
piss,1
aditional,1
notoriously,1
preorder,1
hpeon,1
ac,1
eventhought,1
spigen,1
foreign,1
sceptical,1
zilch,1
forgotten,1
improper,1
accountability,1
shutdown,1
vredit,1
headaches,1
platinum,1
startling,1
skinomi,1
monthly,1
hoops,1
overlook,1
creativity,1
hitting,1
secret,1
maintenance,1
turnon,1
territory,1
meeting,1
woke,1
qualitywaterproofcons,1
esto,1
flight,1
precision,1
silences,1
complements,1
pricey,1
misbehaving,1
compatable,1
dialing,1
tweaked,1
forty,1
intriguing,1
skype,1
warrant,1
tip,1
grainy,1
smile,1
alltrails,1
behavior,1
wowsim,1
expectedexcellent,1
exclude,1
owed,1
pound,1
wherever,1
gel,1
historically,1
nightstand,1
loosened,1
staggeringly,1
currents,1
perfected,1
funny,1
sounding,1
belong,1
advertisement,1
lukly,1
delicious,1
guarentee,1
virtually,1
copying,1
grand,1
greyed,1
gestures,1
superfast,1
pray,1
comprehensive,1
painless,1
cement,1
ivso,1
plugs,1
usefully,1
predecessors,1
ziplock,1
picky,1
iffy,1
fabulously,1
consistency,1
entry,1
vivoxl,1
blutooth,1
echoing,1
powering,1
ceo,1
offs,1
waterproofremovable,1
whopping,1
inactive,1
snot,1
useunless,1
praying,1
dishonesty,1
variants,1
simm,1
superficial,1
giant,1
majority,1
drooped,1
signals,1
source,1
fisrt,1
parents,1
weith,1
wised,1
complains,1
format,1
showcases,1
qualityease,1
lovin,1
marked,1
everythin,1
caymen,1
blemish,1
imposed,1
semi,1
ignorance,1
translates,1
safest,1
aggravation,1
alternatively,1
mali,1
essential,1
crapping,1
spring,1
fathers,1
dumbest,1
sight,1
multicolored,1
primitive,1
blathering,1
culprit,1
excitement,1
flashed,1
pen,1
behave,1
eliminate,1
lime,1
topo,1
refurbish,1
scrachtes,1
resolve,1
jumps,1
confidence,1
bt,1
feb,1
certificate,1
sleeker,1
firing,1
dictation,1
audible,1
preset,1
beond,1
angry,1
aires,1
australian,1
mst,1
letter,1
stico,1
occurring,1
appropriate,1
shortfalls,1
primarily,1
deceptive,1
orig,1
emmc,1
editor,1
inexcusable,1
suit,1
opposed,1
plunge,1
inches,1
talked,1
ditch,1
oils,1
buttery,1
pastor,1
boys,1
cursed,1
alcatel,1
tempered,1
caller,1
clips,1
slander,1
verification,1
guyana,1
highlight,1
lovers,1
yelled,1
helpfull,1
possession,1
adults,1
defined,1
stripped,1
nose,1
rotary,1
globally,1
thier,1
lcds,1
doe,1
disappoints,1
codes,1
lemon,1
hint,1
countertop,1
nan,1
backs,1
aunt,1
wished,1
ecosystem,1
beatiful,1
cashier,1
printing,1
xiaomi,1
isues,1
allowing,1
song,1
awseome,1
tailored,1
texted,1
vice,1
age,1
svc,1
experts,1
magnetic,1
tradeoff,1
depth,1
fitted,1
warrantied,1
accidental,1
inevitably,1
receiver,1
gf,1
toggle,1
cry,1
served,1
bomb,1
adjustment,1
tehm,1
effort,1
fried,1
distortion,1
suits,1
expert,1
citing,1
bay,1
rollout,1
breach,1
uploaded,1
drunk,1
assuming,1
rhyme,1
engineered,1
millennial,1
wipe,1
timely,1
linoleum,1
stiff,1
comiste,1
shock,1
threat,1
session,1
verdict,1
havent,1
choppy,1
concluded,1
zo,1
gripping,1
professionalcall,1
favorites,1
soul,1
handydislikes,1
concludes,1
protrude,1
phablet,1
plays,1
pipes,1
kudos,1
rubberized,1
expressed,1
bds,1
routers,1
pristine,1
nails,1
exercise,1
degree,1
vunerability,1
respectively,1
pushing,1
punch,1
desired,1
packing,1
bode,1
irritating,1
stellar,1
parameters,1
credits,1
involved,1
zte,1
repel,1
developer,1
definitively,1
residents,1
pops,1
pitch,1
aps,1
ramadan,1
oovoo,1
apn,1
motor,1
outbox,1
cloud,1
bent,1
lottery,1
remains,1
iuse,1
idiots,1
duplicate,1
cache,1
vehicle,1
tojostore,1
disappointingly,1
rearranging,1
chenag,1
remaind,1
ferdi,1
upcoming,1
comparison,1
inclined,1
heartily,1
appeal,1
labelled,1
baby,1
central,1
disabling,1
folder,1
cheetah,1
ansewered,1
amazongreat,1
donut,1
extrmely,1
predecessor,1
streamed,1
distortions,1
pulling,1
nitpicky,1
tan,1
sir,1
carries,1
funciona,1
adapted,1
champaign,1
exterior,1
profile,1
blocks,1
scammed,1
hesitate,1
specifications,1
highs,1
race,1
meid,1
otterbox,1
notebook,1
trees,1
fetched,1
jumpstart,1
efficiently,1
ot,1
monkeying,1
functionalitythe,1
counter,1
budge,1
besises,1
fac,1
classy,1
ottimo,1
disrespecting,1
saturated,1
empresa,1
meter,1
suprised,1
nasty,1
williamslifestyleprowess,1
burning,1
whit,1
losee,1
lo,1
samsun,1
winning,1
sec,1
bluphoneparts,1
dissapointment,1
holiday,1
pending,1
designs,1
ruined,1
blackberries,1
taped,1
bat,1
sdcard,1
exhibiting,1
jabbing,1
andriod,1
seas,1
fragmented,1
turks,1
articles,1
guard,1
cosmetically,1
reloading,1
trimmed,1
breeze,1
bills,1
promises,1
fare,1
waking,1
whitish,1
joonkim,1
crookjed,1
restricted,1
differ,1
array,1
recomendable,1
brainer,1
respects,1
moth,1
personalizing,1
borderline,1
bag,1
armor,1
res,1
develop,1
navigating,1
messenger,1
barley,1
peeling,1
rec,1
dive,1
quicklycons,1
interactions,1
styling,1
promptly,1
fourteen,1
adherence,1
que,1
york,1
doubles,1
plague,1
audience,1
afterward,1
modem,1
squad,1
mac,1
assumed,1
hence,1
mixture,1
froze,1
soldered,1
notes,1
blogger,1
fleshed,1
reloaded,1
lagging,1
bull,1
rington,1
privacy,1
ball,1
grow,1
inmate,1
malwarebytes,1
dents,1
stagefright,1
gummy,1
shelf,1
reversed,1
dreary,1
sectionalized,1
slides,1
notices,1
sporadically,1
simulate,1
fuzzy,1
descriptioni,1
surround,1
comprem,1
scuffs,1
bec,1
bea,1
beg,1
buffering,1
grandfathered,1
handsin,1
lover,1
dumb,1
matched,1
providing,1
steep,1
inlove,1
perfection,1
sea,1
fasrer,1
curves,1
tide,1
tom,1
alerted,1
lioe,1
sky,1
handsfree,1
q,1
atnt,1
recap,1
correction,1
relatives,1
teetered,1
tactic,1
dreaming,1
yuk,1
korean,1
restocking,1
ablento,1
accuracy,1
unfortunatelly,1
patchy,1
tonight,1
ts,1
centre,1
shaped,1
mandatory,1
wht,1
intentions,1
moths,1
cracking,1
theyre,1
threats,1
nuisance,1
refreshing,1
aroundcrashes,1
sorta,1
nailed,1
occasion,1
skinny,1
typical,1
beautfly,1
optimal,1
efficiency,1
selection,1
digitize,1
chances,1
overwhelmed,1
longevity,1
woth,1
tryed,1
sta,1
utter,1
everworked,1
trivial,1
capacitive,1
redirect,1
jacks,1
hopeful,1
fans,1
bug,1
brighter,1
wrking,1
silently,1
blocker,1
experimenting,1
riding,1
surfs,1
fant,1
slows,1
backlight,1
unbeatable,1
cranky,1
menus,1
apreciate,1
exchanges,1
timing,1
ymmv,1
chips,1
endless,1
champagne,1
referbished,1
qc,1
cr,1
gbp,1
seeped,1
thoughtless,1
temporarily,1
farthest,1
exists,1
ttl,1
fantastically,1
operates,1
sleeping,1
gmail,1
closer,1
wire,1
stats,1
luv,1
tend,1
convince,1
progress,1
unbelieveable,1
greatful,1
weighing,1
asterixes,1
revived,1
witless,1
chipset,1
proficiently,1
shapes,1
cues,1
legit,1
thumb,1
ramp,1
minds,1
grain,1
swim,1
droppage,1
torn,1
co,1
extent,1
unopened,1
removal,1
tuesday,1
ce,1
wth,1
laugh,1
cashiers,1
occured,1
exposure,1
migrate,1
suposed,1
permanent,1
certain,1
freak,1
eventhough,1
senses,1
route,1
replied,1
essentially,1
otg,1
finished,1
planner,1
gud,1
garmin,1
coincidence,1
massed,1
qualcomm,1
definine,1
owns,1
rename,1
residing,1
lacked,1
vt,1
vu,1
fingerpring,1
arabic,1
avg,1
parent,1
capture,1
purchansing,1
ruins,1
northwest,1
toolbox,1
brag,1
congratulations,1
cellphones,1
restating,1
samantha,1
effect,1
pdf,1
sisters,1
tesolved,1
requests,1
expand,1
funtional,1
discounted,1
functionalities,1
records,1
nevertheless,1
afar,1
breaked,1
fighting,1
oops,1
oft,1
position,1
loss,1
lest,1
inoperable,1
sonata,1
obtain,1
mistaken,1
stored,1
voltage,1
acquisto,1
mal,1
drying,1
rescue,1
mysterious,1
generous,1
rapid,1
console,1
nicks,1
lifemax,1
logged,1
googling,1
onwards,1
combine,1
reenact,1
advanced,1
acted,1
tests,1
flashing,1
increased,1
protesters,1
zimbabwe,1
knox,1
saver,1
disgusted,1
sizes,1
unprotected,1
loses,1
garage,1
flickering,1
epubs,1
plagued,1
shabby,1
vision,1
issuses,1
searching,1
alive,1
artificial,1
repeat,1
cphone,1
recognition,1
trounces,1
competitor,1
lead,1
overlap,1
instantaneous,1
dots,1
discretion,1
iso,1
happend,1
forgiven,1
sweepstakes,1
digitel,1
trap,1
regain,1
mimicking,1
truth,1
astounding,1
realised,1
aswsome,1
host,1
tint,1
optimisations,1
offset,1
snapped,1
fluorescent,1
issued,1
gained,1
frezzing,1
phoneandroid,1
perks,1
inn,1
introduced,1
revise,1
bugle,1
expernsive,1
sharpness,1
assess,1
boxcame,1
promise,1
fraud,1
bothers,1
wack,1
confident,1
lagged,1
perforated,1
spots,1
spread,1
inner,1
beautys,1
relegates,1
naturally,1
north,1
funds,1
agrees,1
reminds,1
repeated,1
lowered,1
gain,1
grate,1
timesa,1
ph,1
j,1
flip,1
warmth,1
byob,1
pl,1
charget,1
cake,1
inquired,1
doorknob,1
ex,1
baud,1
ripoff,1
entering,1
devise,1
rejected,1
twist,1
beats,1
replica,1
goodness,1
maaaannnnyyy,1
commentators,1
couponing,1
effected,1
perturbed,1
lately,1
boom,1
mass,1
clicks,1
exclamation,1
gifted,1
atlest,1
frustrate,1
puretalk,1
acroos,1
detouring,1
prosfast,1
gamers,1
ecpextations,1
alloy,1
prevalent,1
pode,1
martin,1
portion,1
extras,1
baked,1
representative,1